CREATE DATABASE IF NOT EXISTS UNIVERSITY_DB;

USE UNIVERSITY_DB;

DROP TABLE IF EXISTS UNIT;
DROP TABLE IF EXISTS Course;
DROP TABLE IF EXISTS School;



CREATE TABLE IF NOT EXISTS School(
ID VARCHAR(255),
S_name CHAR(50),
INDEX school_name_index (S_name)
);

CREATE TABLE IF NOT EXISTS Course(
S_name CHAR(50),
Course_name CHAR(255),
INDEX course_name_index (Course_name),
FOREIGN KEY(S_name) REFERENCES School(S_name)
);

CREATE TABLE IF NOT EXISTS UNIT(
U_CODE VARCHAR(255),
Course_name CHAR(255),
S_name CHAR(50),
FOREIGN KEY(Course_name) REFERENCES Course(Course_name),
FOREIGN KEY (S_name) REFERENCES School(S_name)
);

INSERT INTO School(ID,S_name) VALUES
('HB106','ENGINEERING'),
('HB107','HEALTH SCIENCES'),
('HB108','APPLIED SCIENCES'),
('HB109','BUSINESS');

INSERT INTO Course(Course_name,S_name) VALUES
('MECHANICAL','ENGINEERING'),
('ELECTRICAL','ENGINEERING'),
('BIOMEDICAL','ENGINEERING'),
('MECHATRONICS','ENGINEERING'),
('CIVIL','ENGINEERING'),
('NURSING','HEALTH SCIENCES'),
('CLINICAL','HEALTH SCIENCES'),
('MEDICINE','HEALTH SCIENCES'),
('FORENSICS','HEALTH SCIENCES'),
('COMPUTER SCIENCE','APPLIED SCIENCES'),
('IT','APPLIED SCIENCES'),
('SOFTWARE ENG','APPLIED SCIENCES'),
('ICT','APPLIED SCIENCES'),
('FINANCE','BUSINESS'),
('COMMERCE','BUSINESS'),
('ACCOUNTING','BUSINESS'),
('ECONOMICS','BUSINESS');

INSERT INTO UNIT(U_CODE,Course_name,S_name) VALUES
('M101', 'MECHANICAL','ENGINEERING'),
('M102', 'MECHANICAL','ENGINEERING'),
('M103', 'MECHANICAL','ENGINEERING'),
('M104', 'MECHANICAL','ENGINEERING'),
('E01','ELECTRICAL','ENGINEERING'),
('E02','ELECTRICAL','ENGINEERING'),
('E03','ELECTRICAL','ENGINEERING'),
('E04','ELECTRICAL','ENGINEERING'),
('BM20','BIOMEDICAL','ENGINEERING'),
('BM21','BIOMEDICAL','ENGINEERING'),
('BM22','BIOMEDICAL','ENGINEERING'),
('BM23','BIOMEDICAL','ENGINEERING'),
('MT40','MECHATRONICS','ENGINEERING'),
('MT41','MECHATRONICS','ENGINEERING'),
('MT42','MECHATRONICS','ENGINEERING'),
('MT43','MECHATRONICS','ENGINEERING'),
('C01','CIVIL','ENGINEERING'),
('C02','CIVIL','ENGINEERING'),
('C03','CIVIL','ENGINEERING'),
('C04','CIVIL','ENGINEERING'),
('N01','NURSING','HEALTH SCIENCES'),
('N02','NURSING','HEALTH SCIENCES'),
('N03','NURSING','HEALTH SCIENCES'),
('N04','NURSING','HEALTH SCIENCES'),
('N04','NURSING','HEALTH SCIENCES'),
('CL01','CLINICAL','HEALTH SCIENCES'),
('CL02','CLINICAL','HEALTH SCIENCES'),
('CL03','CLINICAL','HEALTH SCIENCES'),
('CL04','CLINICAL','HEALTH SCIENCES'),
('CL05','CLINICAL','HEALTH SCIENCES'),
('S001','MEDICINE','HEALTH SCIENCES'),
('S002','MEDICINE','HEALTH SCIENCES'),
('S003','MEDICINE','HEALTH SCIENCES'),
('S004','MEDICINE','HEALTH SCIENCES'),
('S005','MEDICINE','HEALTH SCIENCES'),
('F10','FORENSICS','HEALTH SCIENCES'),
('F11','FORENSICS','HEALTH SCIENCES'),
('F12','FORENSICS','HEALTH SCIENCES'),
('F13','FORENSICS','HEALTH SCIENCES'),
('CS21','COMPUTER SCIENCE','APPLIED SCIENCES'),
('CS22','COMPUTER SCIENCE','APPLIED SCIENCES'),
('CS23','COMPUTER SCIENCE','APPLIED SCIENCES'),
('CS24','COMPUTER SCIENCE','APPLIED SCIENCES'),
('I05','IT','APPLIED SCIENCES'),
('I06','IT','APPLIED SCIENCES'),
('I07','IT','APPLIED SCIENCES'),
('I08','IT','APPLIED SCIENCES'),
('W10','SOFTWARE ENG','APPLIED SCIENCES'),
('W11','SOFTWARE ENG','APPLIED SCIENCES'),
('W12','SOFTWARE ENG','APPLIED SCIENCES'),
('W13','SOFTWARE ENG','APPLIED SCIENCES'),
('C20','ICT','APPLIED SCIENCES'),
('C21','ICT','APPLIED SCIENCES'),
('C22','ICT','APPLIED SCIENCES'),
('C23','ICT','APPLIED SCIENCES'),
('FI21','FINANCE','BUSINESS'),
('FI22','FINANCE','BUSINESS'),
('FI22','FINANCE','BUSINESS'),
('FI23','FINANCE','BUSINESS'),
('EC2','COMMERCE','BUSINESS'),
('EC3','COMMERCE','BUSINESS'),
('EC4','COMMERCE','BUSINESS'),
('EC5','COMMERCE','BUSINESS'),
('EC6','COMMERCE','BUSINESS'),
('CO102','ACCOUNTING','BUSINESS'),
('CO103','ACCOUNTING','BUSINESS'),
('CO104','ACCOUNTING','BUSINESS'),
('CO105','ACCOUNTING','BUSINESS'),
('CO106','ACCOUNTING','BUSINESS'),
('AC10','ECONOMICS','BUSINESS'),
('AC11','ECONOMICS','BUSINESS'),
('AC12','ECONOMICS','BUSINESS'),
('AC13','ECONOMICS','BUSINESS'); 
  
SELECT * FROM School;
SELECT * FROM Course;
SELECT * FROM UNIT;







